{
  "patient_id": "demo_patient1",
  "session_id": "2026-05-10_013137",
  "captured_at": null,
  "duration_s": 60.01199999999999,
  "n_frames": 1054,
  "fps": 24.390243902438804,
  "metadata": {
    "age": null,
    "sex": null,
    "ground_truth_label": null
  },
  "regional_weights": {
    "chin_jaw": 1.0,
    "lower_lip": 1.0,
    "upper_lip": 0.6,
    "mouth_corners": 0.6,
    "cheeks": 0.4
  },
  "clinical_features": {
    "regional_motion": {
      "valid": true,
      "duration_s": 60.01199999999999,
      "fps": 24.390243902438804,
      "n_frames": 1054,
      "per_region": {
        "chin_jaw": {
          "weight": 1.0,
          "available_landmarks": 43,
          "range_of_motion": 0.4728466272354126,
          "velocity_p95": 1.4034079344311827,
          "velocity_median": 0.3501777028055547
        },
        "lower_lip": {
          "weight": 1.0,
          "available_landmarks": 18,
          "range_of_motion": 0.445904403924942,
          "velocity_p95": 1.3812047316862182,
          "velocity_median": 0.3363556808599449
        },
        "upper_lip": {
          "weight": 0.6,
          "available_landmarks": 8,
          "range_of_motion": 0.455083429813385,
          "velocity_p95": 1.320605747990884,
          "velocity_median": 0.3051746635962955
        },
        "mouth_corners": {
          "weight": 0.6,
          "available_landmarks": 2,
          "range_of_motion": 0.4144025146961212,
          "velocity_p95": 1.33316966817337,
          "velocity_median": 0.3220911905248751
        },
        "cheeks": {
          "weight": 0.4,
          "available_landmarks": 8,
          "range_of_motion": 0.31446242332458496,
          "velocity_p95": 0.9034247554613382,
          "velocity_median": 0.24383408151016933
        }
      },
      "composite_expressivity_score": 0.43506321310997015
    },
    "jaw_tremor": {
      "valid": true,
      "anchor_used": "nose_bridge_168",
      "fps": 24.390243902438804,
      "dominant_frequency_hz": 3.0487804878048506,
      "in_parkinsonian_range_4_6hz": false,
      "in_band_fraction_of_total": 0.05878970268633319,
      "spectral_peakedness": 0.4141823351383209
    },
    "mouth_asymmetry": {
      "valid": true,
      "rom_left": 0.46167466044425964,
      "rom_right": 0.4891207814216614,
      "asymmetry_ratio": 0.05611317699000193,
      "less_mobile_side": "left",
      "weight_mouth_corners": 0.6
    }
  },
  "model_inference": null,
  "quality": {
    "face_coverage": 1.0,
    "n_landmarks_available": 108,
    "missing_modalities": [
      "blink_rate (no eyelid landmarks 159/145/386/374 in OAK sparse set)",
      "neck (not in MediaPipe FaceMesh)"
    ]
  }
}